{"cameraMode":{"drawMode":0,"name":"Shaded","section":"Shading Mode"},"sceneLighting":false,"audioPlay":false,"sceneViewState":{"m_AlwaysRefresh":false,"showFog":true,"showSkybox":false,"showFlares":true,"showImageEffects":true,"showParticleSystems":true,"showVisualEffectGraphs":true,"m_FxEnabled":true},"in2DMode":false,"pivot":{"x":0.31628912687301638,"y":0.5099999904632568,"z":-0.9898386597633362},"rotation":{"x":0.24349847435951234,"y":-0.10653148591518402,"z":0.02691841498017311,"w":0.9636603593826294},"size":0.06928205490112305,"orthographic":true}