{"cameraMode":{"drawMode":0,"name":"Shaded","section":"Shading Mode"},"sceneLighting":true,"audioPlay":false,"sceneViewState":{"m_AlwaysRefresh":false,"showFog":true,"showSkybox":true,"showFlares":true,"showImageEffects":true,"showParticleSystems":true,"showVisualEffectGraphs":true,"m_FxEnabled":true},"in2DMode":false,"pivot":{"x":-0.2129427194595337,"y":1.1599998474121094,"z":4.800000190734863},"rotation":{"x":0.4527357518672943,"y":0.22670568525791169,"z":-0.12019523233175278,"w":0.8539264798164368},"size":2.8265397548675539,"orthographic":true}